tone,tx_gain_db,p_rf_dbm,p_rf_w,p_rf_pw,reading_count
0,50.0,-29.326746317288283,1.1676841045140313e-06,1167684.1045140312,97
0,50.2,-28.73825794274748,1.3371317639697818e-06,1337131.7639697818,97
0,50.4,-28.432513746692905,1.434658795880858e-06,1434658.795880858,97
0,50.6,-28.752698127695567,1.3326932167870017e-06,1332693.2167870018,97
0,50.8,-28.29929962071926,1.4793469406823632e-06,1479346.9406823632,97
0,51.0,-28.384091983147485,1.450744062145845e-06,1450744.062145845,97
0,51.2,-28.31342820924627,1.4745421080336673e-06,1474542.1080336673,97
0,51.4,-27.84873434472634,1.6410679565009195e-06,1641067.9565009195,97
0,51.6,-27.59865877829283,1.7383375926808975e-06,1738337.5926808976,97
0,51.8,-27.619460367715277,1.7300313107719736e-06,1730031.3107719736,97
0,52.0,-27.2576621593644,1.8803287398545385e-06,1880328.7398545386,97
0,52.2,-27.007228765304497,1.991943993740674e-06,1991943.993740674,97
0,52.4,-27.164989543016304,1.920883586868156e-06,1920883.586868156,97
0,52.6,-27.127257180557578,1.9376453120589433e-06,1937645.3120589433,97
0,52.8,-26.68181629703873,2.1469324008987396e-06,2146932.4008987397,97
0,53.0,-26.5140290147447,2.2315010654046574e-06,2231501.0654046573,97
0,53.2,-26.543777897166407,2.2162676653555393e-06,2216267.6653555394,97
0,53.4,-26.19106026128655,2.40377588450436e-06,2403775.88450436,97
0,53.6,-26.204243327944894,2.3964902543005873e-06,2396490.2543005873,97
0,53.8,-25.939027864053436,2.5474004054339083e-06,2547400.4054339086,97
0,54.0,-23.883396973770218,4.089406685230134e-06,4089406.6852301345,97
0,54.2,-24.201950280594282,3.800187034909783e-06,3800187.034909783,97
0,54.4,-23.910346984996494,4.064108571653838e-06,4064108.571653838,97
0,54.6,-23.903946831752435,4.070102222085383e-06,4070102.222085383,97
0,54.8,-23.63421463796775,4.330903791147646e-06,4330903.791147646,97
0,55.0,-23.666342283017357,4.298983435172181e-06,4298983.435172181,97
0,55.2,-23.785628817106286,4.1825112548191695e-06,4182511.2548191696,97
0,55.4,-23.975987592974235,4.003144258039519e-06,4003144.258039519,97
0,55.6,-23.320836138344575,4.654964638064662e-06,4654964.638064662,97
0,55.8,-22.96383061971332,5.053787047711878e-06,5053787.047711878,97
0,56.0,-23.018440527973752,4.9906365991874836e-06,4990636.599187484,97
0,56.2,-22.654033952141816,5.4274596671683245e-06,5427459.667168325,97
0,56.4,-22.859444599914823,5.176730306414379e-06,5176730.306414379,96
0,56.6,-22.39581570890367,5.759946228335414e-06,5759946.228335414,97
0,56.8,-22.34626962254829,5.8260343079838955e-06,5826034.307983896,97
0,57.0,-22.005545529082823,6.301521858932799e-06,6301521.8589328,97
0,57.2,-22.04573024873592,6.243483597837259e-06,6243483.597837259,97
0,57.4,-22.080604729793343,6.1935482751663725e-06,6193548.275166373,97
0,57.6,-21.579014970341596,6.951819749481053e-06,6951819.749481053,97
0,57.8,-21.786562471243045,6.627408689679921e-06,6627408.689679921,97
0,58.0,-21.62313542478691,6.881552975739544e-06,6881552.975739544,97
0,58.2,-21.268072596030343,7.4678010675951885e-06,7467801.0675951885,97
0,58.4,-21.45441349734032,7.154160024999297e-06,7154160.024999297,97
0,58.6,-21.022884972029715,7.901535630177572e-06,7901535.630177572,97
0,58.8,-21.009023295497755,7.926795797318291e-06,7926795.797318291,97
0,59.0,-20.54153278530302,8.827682839660085e-06,8827682.839660086,97
0,59.2,-20.567854994949606,8.77434083804343e-06,8774340.83804343,97
0,59.4,-20.225745007970417,9.49348129854173e-06,9493481.29854173,97
0,59.6,-20.14980694026326,9.660938244292877e-06,9660938.244292878,97
0,59.8,-20.126124971580033,9.713762992258912e-06,9713762.992258912,97
0,60.0,-18.823781854377486,1.3110577272758637e-05,13110577.272758637,97
0,60.2,-19.19943104483135,1.2024219497140116e-05,12024219.497140117,97
0,60.4,-19.108370858346788,1.2278997591113962e-05,12278997.591113962,97
0,60.6,-18.776326623077153,1.3254621719530397e-05,13254621.719530396,97
0,60.8,-18.60793157476416,1.377865552131227e-05,13778655.52131227,97
0,61.0,-18.162410890164566,1.5267182989141368e-05,15267182.989141367,97
0,61.2,-18.457818467658605,1.426323879540938e-05,14263238.795409381,97
0,61.4,-17.982805919383864,1.5911803542314532e-05,15911803.542314533,97
0,61.6,-18.159397193904198,1.5277781010060277e-05,15277781.010060277,97
0,61.8,-18.0400075989213,1.570360056646574e-05,15703600.566465741,97
0,62.0,-17.710123639799377,1.6942895648347403e-05,16942895.648347404,97
0,62.2,-17.787861513203666,1.6642319244041275e-05,16642319.244041275,97
0,62.4,-16.959205243678717,2.0140927939241902e-05,20140927.9392419,97
0,62.6,-17.29967755223379,1.8622253949537223e-05,18622253.94953722,97
0,62.8,-16.672328062177783,2.151628032138511e-05,21516280.32138511,97
0,63.0,-16.860145625842677,2.060560818232181e-05,20605608.18232181,97
0,63.2,-16.652124774591215,2.1616606780427794e-05,21616606.780427795,97
0,63.4,-16.43054418576341,2.2748123711824405e-05,22748123.711824406,97
0,63.6,-15.877896463150392,2.583511230053744e-05,25835112.30053744,97
0,63.8,-15.65582419685797,2.7190524198770656e-05,27190524.198770657,97
0,64.0,-15.437266453534242,2.8593897408533886e-05,28593897.408533886,97
0,64.2,-15.608989391953074,2.7485336655057566e-05,27485336.655057564,97
0,64.4,-15.323016412559333,2.9356100021143896e-05,29356100.021143895,97
0,64.6,-14.968498741928443,3.185298417258231e-05,31852984.17258231,97
0,64.8,-14.782446971164902,3.324721737414566e-05,33247217.374145664,97
0,65.0,-14.659381962911837,3.420281124893221e-05,34202811.24893221,97
0,65.2,-14.808821195050669,3.304592253694716e-05,33045922.536947157,97
0,65.4,-14.373080129198321,3.65335594222553e-05,36533559.4222553,97
0,65.6,-14.238071209919156,3.7687113795553045e-05,37687113.79555304,97
0,65.8,-14.259637552637123,3.7500429751927665e-05,37500429.75192767,97
0,66.0,-13.384437770000552,4.5872902820769e-05,45872902.820769005,97
0,66.2,-13.442753525309087,4.526105235972491e-05,45261052.35972491,97
0,66.4,-13.40215931030393,4.5686098205120315e-05,45686098.20512032,97
0,66.6,-12.995368719328617,5.01721980649467e-05,50172198.0649467,97
0,66.8,-12.638624814017604,5.446750959682726e-05,54467509.59682726,97
0,67.0,-12.728554395847027,5.335124523075418e-05,53351245.23075418,97
0,67.2,-12.475530985766817,5.655186102998068e-05,56551861.02998068,97
0,67.4,-12.290167419897742,5.901783284436857e-05,59017832.84436857,97
0,67.6,-12.189551068870813,6.040110629014162e-05,60401106.29014162,97
0,67.8,-11.798827211567257,6.608718887425381e-05,66087188.87425381,97
0,68.0,-11.684785760678267,6.784555881765332e-05,67845558.81765333,97
0,68.2,-11.649037668146669,6.840632087020712e-05,68406320.87020712,97
0,68.4,-11.472835133191609,7.123878218783798e-05,71238782.18783797,97
0,68.6,-11.140203017995532,7.690944868777655e-05,76909448.68777655,97
0,68.8,-10.52372163836128,8.863960991857404e-05,88639609.91857404,97
0,69.0,-10.854669252404115,8.21359103066187e-05,82135910.3066187,97
0,69.2,-10.730431923194956,8.45194782985858e-05,84519478.2985858,97
0,69.4,-10.256491529363089,9.426508143844153e-05,94265081.43844153,97
0,69.6,-10.21911575133796,9.507983619907441e-05,95079836.1990744,97
0,69.8,-9.868913616393385,0.00010306439028118302,103064390.28118302,97
0,70.0,-10.05180947359203,9.881413030720228e-05,98814130.30720228,97
0,70.2,-9.855502015077178,0.0001033831590128635,103383159.0128635,97
0,70.4,-9.43249586022963,0.00011395946821865578,113959468.21865578,97
0,70.6,-9.344623118720293,0.0001162887462140179,116288746.2140179,97
0,70.8,-8.898735236679123,0.00012886247736038325,128862477.36038326,97
0,71.0,-8.72076011235508,0.00013425299678404134,134252996.78404135,97
0,71.2,-8.846372303499685,0.0001304255778834536,130425577.88345361,97
0,71.4,-8.494705981050693,0.0001414260467779046,141426046.7779046,97
0,71.6,-8.32447606098026,0.00014707958435973938,147079584.3597394,97
0,71.8,-8.33394885852632,0.00014675912513004366,146759125.13004366,97
0,72.0,-7.665232679470783,0.00017118934571091782,171189345.71091783,97
0,72.2,-7.694900023638752,0.00017002390933893154,170023909.33893153,97
0,72.4,-7.665664619977946,0.00017117232041152577,171172320.41152576,97
0,72.6,-7.5406063790514395,0.00017617300495540147,176173004.95540148,97
0,72.8,-7.098403905953546,0.00019505613271018137,195056132.71018136,97
0,73.0,-6.728112597550641,0.00021241674043547595,212416740.43547595,97
0,73.2,-6.595792637869202,0.00021898821126739733,218988211.26739734,97
0,73.4,-6.468654631005073,0.00022549376445456465,225493764.45456466,97
0,73.6,-6.10678295784313,0.00024508780607835994,245087806.07835993,97
0,73.8,-5.988866684392221,0.0002518334015289108,251833401.5289108,97
0,74.0,-5.886507017487041,0.0002578394097141314,257839409.71413139,97
0,74.2,-5.955499483962669,0.0002537757100637038,253775710.06370378,97
0,74.4,-5.706243796528831,0.00026876679988669473,268766799.8866947,97
0,74.6,-5.385743847780439,0.00028935141813789646,289351418.1378965,97
0,74.8,-4.926084197543247,0.00032165594321909653,321655943.21909654,97
0,75.0,-5.047365407297434,0.0003127976339075742,312797633.9075742,97
0,75.2,-4.898819638231309,0.000323681617865735,323681617.865735,97
0,75.4,-4.669257204162662,0.00034125127256353814,341251272.56353813,97
0,75.6,-4.182439250923501,0.00038172980891007307,381729808.91007304,97
0,75.8,-4.357943930825975,0.0003666110973164529,366611097.31645286,97
0,76.0,-3.7008651433637567,0.00042649454980042494,426494549.80042493,97
0,76.2,-3.9245892395545283,0.00040508025625601537,405080256.25601536,97
0,76.4,-3.2978056778189497,0.0004679715294920363,467971529.4920363,97
0,76.6,-3.306594173508131,0.0004670254877169994,467025487.7169994,97
0,76.8,-3.018492904644553,0.0004990576411603958,499057641.16039586,97
0,77.0,-2.9697583896711492,0.0005046893740827798,504689374.0827798,97
0,77.2,-2.6168766782329698,0.0005474095026318657,547409502.6318657,97
0,77.4,-2.73945874311017,0.000532174579522114,532174579.522114,97
0,77.6,-2.4132614549556095,0.0005736854753657478,573685475.3657478,97
0,77.8,-1.9914855657893291,0.0006321955629392716,632195562.9392716,97
0,78.0,-2.0248523816749895,0.0006273570197222837,627357019.7222837,97
0,78.2,-2.248287034765667,0.0005958971338035024,595897133.8035024,97
0,78.4,-1.7701893577778662,0.0006652441500997766,665244150.0997766,97
0,78.6,-1.5392712192236928,0.0007015730180901362,701573018.0901362,97
0,78.8,-1.1705479299570776,0.0007637394199063286,763739419.9063286,97
0,79.0,-1.2086137449766667,0.0007570745123817748,757074512.3817748,97
0,79.2,-1.1313730521862482,0.0007706597810990701,770659781.0990701,97
0,79.4,-0.8415911224444343,0.0008238362312624428,823836231.2624428,97
0,79.6,-0.4047140481853937,0.0009110214345284319,911021434.5284319,97
0,79.8,-0.31177004093643035,0.0009307284639591159,930728463.959116,97
0,80.0,0.13370226345621106,0.0010312648761016318,1031264876.1016319,97
0,80.2,0.014425959576243486,0.00100332722290602,1003327222.90602,97
0,80.4,-0.17566468605398455,0.0009603588245852339,960358824.5852339,97
0,80.6,0.23114807868454434,0.0010546656655649137,1054665665.5649137,97
0,80.8,0.49393322033147413,0.0011204521699551592,1120452169.9551592,97
0,81.0,0.9311510210222878,0.0012391249512556568,1239124951.2556567,97
0,81.2,0.7538324188139356,0.0011895514806004339,1189551480.6004338,97
0,81.4,0.9294685893041397,0.00123864501438079,1238645014.38079,97
0,81.6,1.4532476670622358,0.0013974129600009787,1397412960.0009787,97
0,81.8,1.6065261562902755,0.0014476134702563687,1447613470.2563686,97
0,82.0,1.7400046666370805,0.0014927960136365604,1492796013.6365604,97
0,82.2,1.6043883370693734,0.001446901056338734,1446901056.338734,97
0,82.4,2.0296247020210245,0.0015957412444159724,1595741244.4159725,97
0,82.6,2.2202052508971946,0.0016673260097928007,1667326009.7928007,97
0,82.8,2.2757686085965965,0.0016887947136823664,1688794713.6823664,97
0,83.0,2.5766010368966263,0.0018099230196897175,1809923019.6897175,97
0,83.2,2.7963516808741176,0.0019038606954058762,1903860695.4058762,97
0,83.4,3.126720011715605,0.00205433848064093,2054338480.64093,97
0,83.6,3.112795756438409,0.00204776245285089,2047762452.85089,97
0,83.8,3.2700764950690058,0.0021232818603943507,2123281860.3943508,97
0,84.0,3.477723063757715,0.002227267122714789,2227267122.714789,97
0,84.2,3.3788953725746893,0.0021771559426043583,2177155942.604358,97
0,84.4,3.7972518360841434,0.0023973154462007236,2397315446.2007236,97
0,84.6,3.9675296631603487,0.0024931761648424758,2493176164.842476,97
0,84.8,4.0638769511196955,0.0025491048255670097,2549104825.5670094,97
0,85.0,4.519766362891975,0.0028312396796932263,2831239679.6932263,97
1,50.0,-28.91346556826558,1.2842614403919145e-06,1284261.4403919145,97
1,50.2,-28.88650441216953,1.2922589799685846e-06,1292258.9799685846,97
1,50.4,-28.682454990398355,1.3544235640683156e-06,1354423.5640683156,97
1,50.6,-28.516455363188584,1.4071955843682773e-06,1407195.5843682773,97
1,50.8,-28.41899987589499,1.4391299531413165e-06,1439129.9531413165,97
1,51.0,-28.10996583609984,1.5452665953746587e-06,1545266.5953746587,97
1,51.2,-28.109561426829202,1.5454104952535622e-06,1545410.4952535622,97
1,51.4,-27.94117498523527,1.606506553303229e-06,1606506.5533032292,97
1,51.6,-27.772521884250978,1.6701205182297443e-06,1670120.5182297444,97
1,51.8,-27.585536219090223,1.7435980638511237e-06,1743598.0638511237,97
1,52.0,-27.47303558808329,1.7893547115913939e-06,1789354.711591394,97
1,52.2,-27.408583488370596,1.8161079149430555e-06,1816107.9149430555,97
1,52.4,-27.23017602360143,1.89226692174863e-06,1892266.92174863,97
1,52.6,-26.941806058464685,2.022178060161496e-06,2022178.060161496,97
1,52.8,-26.771708129782674,2.1029511623858173e-06,2102951.162385817,97
1,53.0,-26.600075228812315,2.187723727708632e-06,2187723.727708632,97
1,53.2,-26.534761374804468,2.220873707074263e-06,2220873.707074263,97
1,53.4,-26.363857175874998,2.310012247072766e-06,2310012.247072766,97
1,53.6,-26.16474152244254,2.418387267972935e-06,2418387.267972935,97
1,53.8,-25.974500245138465,2.526678445390956e-06,2526678.445390956,97
1,54.0,-24.194473389135553,3.8067351399120275e-06,3806735.1399120274,97
1,54.2,-24.292007999170494,3.722195674345307e-06,3722195.674345307,97
1,54.4,-24.180438140410928,3.819057401228311e-06,3819057.4012283115,97
1,54.6,-23.884357998937034,4.0885018641670915e-06,4088501.8641670914,97
1,54.8,-23.77663054959727,4.191186099310226e-06,4191186.0993102263,97
1,55.0,-23.59585267072636,4.369328855659662e-06,4369328.855659662,97
1,55.2,-23.60402894686851,4.361110645885252e-06,4361110.645885252,97
1,55.4,-23.33411038201612,4.640758425215716e-06,4640758.4252157165,97
1,55.6,-23.18123724635946,4.807023833202335e-06,4807023.833202335,97
1,55.8,-23.16427298834938,4.825837581181596e-06,4825837.581181596,97
1,56.0,-22.87453856870585,5.158769733058868e-06,5158769.733058868,97
1,56.2,-22.992857190322972,5.020122108470276e-06,5020122.108470276,97
1,56.4,-22.703659290176184,5.365794932468643e-06,5365794.932468643,97
1,56.6,-22.574203259358548,5.5281481600976035e-06,5528148.160097604,97
1,56.8,-22.446221299071098,5.693480926721311e-06,5693480.92672131,97
1,57.0,-22.156796333866886,6.085837705710486e-06,6085837.7057104865,97
1,57.2,-22.183603979354423,6.048387428723773e-06,6048387.428723773,97
1,57.4,-22.025237385772428,6.273014066930073e-06,6273014.066930073,97
1,57.6,-21.809672096955964,6.5922366637790855e-06,6592236.6637790855,97
1,57.8,-21.6294496233862,6.871555169583969e-06,6871555.169583969,97
1,58.0,-21.412437836317693,7.223642032296016e-06,7223642.032296016,97
1,58.2,-21.404473904513196,7.236900633103851e-06,7236900.63310385,97
1,58.4,-21.250250359700843,7.498509810883993e-06,7498509.810883993,97
1,58.6,-20.990869146865343,7.960000322139362e-06,7960000.322139363,97
1,58.8,-20.809699471651932,8.299081945184065e-06,8299081.945184065,97
1,59.0,-20.62195161011126,8.665723724314392e-06,8665723.724314392,97
1,59.2,-20.5795220125532,8.750800818337574e-06,8750800.818337575,97
1,59.4,-20.389755751986975,9.141646528122576e-06,9141646.528122576,97
1,59.6,-20.188325204927928,9.575632707959474e-06,9575632.707959475,97
1,59.8,-19.997096169739365,1.0006688552110284e-05,10006688.552110285,97
1,60.0,-19.101872631462555,1.2297384063985172e-05,12297384.063985173,97
1,60.2,-19.184689343916617,1.2065103882543161e-05,12065103.882543162,97
1,60.4,-18.784987738580853,1.3228214427212739e-05,13228214.42721274,97
1,60.6,-18.73683263742351,1.337570667494952e-05,13375706.67494952,97
1,60.8,-18.558204473657597,1.3937329021148794e-05,13937329.021148793,97
1,61.0,-18.29894332958859,1.4794683099000724e-05,14794683.099000724,97
1,61.2,-18.357891754097047,1.4595226012590955e-05,14595226.012590954,97
1,61.4,-18.13650379733386,1.5358528935505876e-05,15358528.935505876,97
1,61.6,-18.006545311738833,1.5825063772326424e-05,15825063.772326425,97
1,61.8,-17.83185237239544,1.647459559773065e-05,16474595.59773065,97
1,62.0,-17.607646480797754,1.7347438316756885e-05,17347438.316756885,97
1,62.2,-17.601404365622827,1.737238971922399e-05,17372389.71922399,97
1,62.4,-17.441910944050434,1.8022245675042207e-05,18022245.67504221,97
1,62.6,-17.190717911493778,1.9095375759260817e-05,19095375.75926082,97
1,62.8,-16.92845712368274,2.0284032028690302e-05,20284032.0286903,97
1,63.0,-16.72413107111629,2.1261156922126953e-05,21261156.922126953,97
1,63.2,-16.762878083571565,2.1072312181682185e-05,21072312.181682184,97
1,63.4,-16.55269508421661,2.2117217641557132e-05,22117217.64155713,97
1,63.6,-15.882546786152226,2.5807463476401974e-05,25807463.476401974,97
1,63.8,-15.76643927060293,2.6506725031582785e-05,26506725.031582784,97
1,64.0,-15.54806805840228,2.7873608391766195e-05,27873608.391766194,97
1,64.2,-15.401912519146535,2.8827617307998416e-05,28827617.307998415,97
1,64.4,-15.333485551052839,2.9285419191155283e-05,29285419.191155285,97
1,64.6,-15.106305428457524,3.085811954360426e-05,30858119.54360426,97
1,64.8,-14.918954697131468,3.221844163253516e-05,32218441.632535156,97
1,65.0,-14.703146277096351,3.38598766990972e-05,33859876.6990972,97
1,65.2,-14.712018444415719,3.3790775234597023e-05,33790775.23459702,97
1,65.4,-14.479764379908644,3.564704726834673e-05,35647047.26834673,97
1,65.6,-14.299463943766675,3.715810910815649e-05,37158109.10815649,97
1,65.8,-14.062536057834464,3.9241571775508124e-05,39241571.77550812,97
1,66.0,-13.396313873106266,4.5747631342818724e-05,45747631.34281872,97
1,66.2,-13.402026559672521,4.5687494711714165e-05,45687494.71171416,97
1,66.4,-13.209857990715186,4.775448885692728e-05,47754488.85692728,97
1,66.6,-13.004597585051982,5.0065694098444894e-05,50065694.098444894,97
1,66.8,-12.770108986983296,5.284319905127027e-05,52843199.05127027,97
1,67.0,-12.531749005458586,5.5824533100896814e-05,55824533.10089681,97
1,67.2,-12.564476607168764,5.5405431213248515e-05,55405431.21324851,97
1,67.4,-12.388418588531025,5.7697652159521895e-05,57697652.15952189,97
1,67.6,-12.098019597623562,6.168762360735585e-05,61687623.607355855,97
1,67.8,-11.861942851767104,6.51336947982142e-05,65133694.798214205,97
1,68.0,-11.59057792201098,6.933335369709719e-05,69333353.69709718,97
1,68.2,-11.632722540525123,6.86637859946488e-05,68663785.9946488,97
1,68.4,-11.350763726674849,7.32695673929494e-05,73269567.3929494,97
1,68.6,-11.198887851247349,7.587718577497925e-05,75877185.77497925,97
1,68.8,-11.002306655697808,7.939064574891594e-05,79390645.74891594,97
1,69.0,-10.782380260655273,8.351451703602375e-05,83514517.03602375,97
1,69.2,-10.767685666623443,8.379757161952421e-05,83797571.61952421,97
1,69.4,-10.543746444544333,8.823184393772492e-05,88231843.93772492,97
1,69.6,-10.090734855712043,9.793242630825023e-05,97932426.30825023,97
1,69.8,-9.863450913407632,0.00010319410972527216,103194109.72527216,97
1,70.0,-9.687442855738446,0.00010746219680530821,107462196.80530821,97
1,70.2,-9.556877339391633,0.00011074197538242734,110741975.38242733,97
1,70.4,-9.446163537781473,0.00011360139023248524,113601390.23248523,97
1,70.6,-9.24481656339789,0.00011899215878145405,118992158.78145406,97
1,70.8,-9.027816799096883,0.00012508876941658072,125088769.41658072,97
1,71.0,-8.813052704020798,0.00013143006709283797,131430067.09283796,97
1,71.2,-8.818182281716858,0.0001312749228811677,131274922.8811677,97
1,71.4,-8.639686771667755,0.0001367827474527965,136782747.4527965,97
1,71.6,-8.414176834726092,0.00014407290613200542,144072906.13200542,97
1,71.8,-8.216993702040519,0.00015076503393462418,150765033.93462417,97
1,72.0,-7.84203129010605,0.00016436027944968264,164360279.44968262,97
1,72.2,-7.771039989334859,0.00016706904921771781,167069049.21771783,97
1,72.4,-7.6025825148151895,0.00017367677596032886,173676775.96032888,97
1,72.6,-7.350758834154384,0.00018404503951173102,184045039.51173103,97
1,72.8,-7.167083518188697,0.000191995764532841,191995764.532841,97
1,73.0,-6.657574158825511,0.00021589499983548662,215894999.83548662,97
1,73.2,-6.755155547487355,0.00021109815872581787,211098158.72581786,97
1,73.4,-6.4463129850462835,0.00022665677312420302,226656773.12420303,97
1,73.6,-6.217336254251656,0.00023892762964996322,238927629.64996323,97
1,73.8,-6.084135274399436,0.0002463692336236788,246369233.6236788,97
1,74.0,-5.879262989322342,0.0002582698445069506,258269844.5069506,97
1,74.2,-5.8541632831250325,0.0002597668163008958,259766816.30089578,97
1,74.4,-5.683023105862979,0.00027020768048632317,270207680.4863232,97
1,74.6,-5.424057036046285,0.00028681000455628577,286810004.55628574,97
1,74.8,-5.08650786222195,0.00030999109184648053,309991091.84648055,97
1,75.0,-4.900945942398472,0.0003235231822542599,323523182.2542599,96
1,75.2,-4.931370093760002,0.0003212646866584882,321264686.6584882,97
1,75.4,-4.692675451071551,0.000339416112444532,339416112.444532,97
1,75.6,-4.430116014963133,0.00036056901085706783,360569010.8570678,97
1,75.8,-4.198892339290332,0.00038028637534786436,380286375.34786433,97
1,76.0,-4.039443899188292,0.00039450781436122044,394507814.3612204,97
1,76.2,-4.03501809916586,0.0003949100535630509,394910053.5630509,97
1,76.4,-3.6165186503366016,0.000434858671720082,434858671.720082,97
1,76.6,-3.3778075944740493,0.00045942988371225834,459429883.71225834,97
1,76.8,-3.0884297378295287,0.0004910854039530768,491085403.9530768,97
1,77.0,-2.916147642528692,0.0005109580382562215,510958038.2562215,97
1,77.2,-2.9425043170610437,0.0005078665018092418,507866501.8092418,97
1,77.4,-2.581128998108916,0.0005519339390978943,551933939.0978943,97
1,77.6,-2.500653917209469,0.0005622566598301624,562256659.8301624,97
1,77.8,-2.2731200890105043,0.0005924995039703247,592499503.9703246,97
1,78.0,-1.965449475324906,0.0006359969785940345,635996978.5940344,97
1,78.2,-2.0206612015526275,0.0006279627459126736,627962745.9126736,97
1,78.4,-1.7751395591019623,0.0006644863195155762,664486319.5155761,97
1,78.6,-1.4327813082447776,0.0007189883760731588,718988376.0731587,97
1,78.8,-1.3118122483663264,0.0007392967128056357,739296712.8056357,97
1,79.0,-1.0750364809732176,0.0007807218820039957,780721882.0039958,97
1,79.2,-1.0638571380427422,0.0007827341573491468,782734157.3491468,97
1,79.4,-0.8452569698240069,0.0008231411306406926,823141130.6406926,97
1,79.6,-0.4875961101220305,0.000893800079571352,893800079.571352,97
1,79.8,-0.2180870327373512,0.0009510236054263978,951023605.4263978,97
1,80.0,-0.06558660100156288,0.00098501158842908,985011588.42908,97
1,80.2,0.007819409513313502,0.0010018021074255205,1001802107.4255205,97
1,80.4,0.16929276889076306,0.0010397508327975279,1039750832.7975279,97
1,80.6,0.3380154204696879,0.0010809398852946691,1080939885.2946692,97
1,80.8,0.6643666837967572,0.0011652971073119864,1165297107.3119864,97
1,81.0,0.8747030735326398,0.0012231234914267227,1223123491.4267228,97
1,81.2,0.8941858448214255,0.001228622839784959,1228622839.784959,97
1,81.4,1.0454586798756154,0.0012721721033766805,1272172103.3766806,97
1,81.6,1.2511732152710948,0.001333881722038748,1333881722.038748,97
1,81.8,1.5070116645580534,0.0014148199219797541,1414819921.9797542,96
1,82.0,1.6984845608617007,0.0014785923540478797,1478592354.0478797,97
1,82.2,1.7045394254528965,0.0014806552216650227,1480655221.6650226,97
1,82.4,1.9814054544017665,0.0015781218954629588,1578121895.4629588,97
1,82.6,2.3194154377454943,0.0017058527650283815,1705852765.0283813,97
1,82.8,2.431588467922417,0.0017504868265582876,1750486826.5582876,97
1,83.0,2.687421720494317,0.0018567018581650743,1856701858.1650743,97
1,83.2,2.6685239769857034,0.0018486402206530977,1848640220.6530976,97
1,83.4,2.8446564204182536,0.0019251547359760606,1925154735.9760606,97
1,83.6,3.0919781589426094,0.002037970137127439,2037970137.1274388,97
1,83.8,3.4026432103042303,0.0021890935483483754,2189093548.3483753,97
1,84.0,3.5529099467806518,0.0022661622183563854,2266162218.356385,97
1,84.2,3.5582775557988313,0.0022689647851075194,2268964785.1075196,97
1,84.4,3.7514931712857837,0.002372189160622473,2372189160.6224732,97
1,84.6,3.9284810809265593,0.002470859825378073,2470859825.3780727,97
1,84.8,4.098045583220909,0.0025692393106843577,2569239310.6843576,97
1,85.0,4.243475954972599,0.0026567310743612557,2656731074.3612556,97
4,50.0,-28.88008318137014,1.2941710536719093e-06,1294171.0536719093,97
4,50.2,-28.89554487246187,1.2895717561152743e-06,1289571.7561152743,97
4,50.4,-28.795230306679855,1.3197053257819723e-06,1319705.3257819724,97
4,50.6,-28.615079523850973,1.3755996213803523e-06,1375599.6213803524,97
4,50.8,-28.47431336297152,1.4209168477656124e-06,1420916.8477656124,97
4,51.0,-28.263477355738473,1.4915996212974105e-06,1491599.6212974105,97
4,51.2,-28.186303560476176,1.5183421342908248e-06,1518342.1342908249,97
4,51.4,-28.079237398044313,1.5562388762969835e-06,1556238.8762969836,97
4,51.6,-27.801206783263915,1.65912581857774e-06,1659125.8185777399,97
4,51.8,-27.680625100522747,1.7058368421932784e-06,1705836.8421932785,97
4,52.0,-27.407684466550037,1.8164839016793332e-06,1816483.901679333,97
4,52.2,-27.516545741097175,1.7715174143643156e-06,1771517.4143643156,97
4,52.4,-27.284189095260572,1.8688785974241458e-06,1868878.5974241458,96
4,52.6,-27.10377755898881,1.9481493328707455e-06,1948149.3328707456,97
4,52.8,-26.90262452489003,2.040504455999043e-06,2040504.455999043,97
4,53.0,-26.66396765404079,2.1557740240379314e-06,2155774.0240379316,97
4,53.2,-26.697585618062696,2.139150981453046e-06,2139150.9814530457,97
4,53.4,-26.495562269590366,2.2410098893708793e-06,2241009.889370879,97
4,53.6,-26.290241384310903,2.349502230025368e-06,2349502.2300253683,97
4,53.8,-26.051937369451736,2.4820256370785228e-06,2482025.6370785227,97
4,54.0,-24.37227862434652,3.654030243386285e-06,3654030.243386285,97
4,54.2,-24.353585803973644,3.669791746611863e-06,3669791.746611863,97
4,54.4,-24.164445279325264,3.833146977360156e-06,3833146.977360156,97
4,54.6,-24.046433282460782,3.938734179277425e-06,3938734.179277425,97
4,54.8,-23.738824993828274,4.227829849152735e-06,4227829.849152735,97
4,55.0,-23.702855111345272,4.262991717514566e-06,4262991.717514566,97
4,55.2,-23.77059349086653,4.197016251913514e-06,4197016.251913514,97
4,55.4,-23.6627663345173,4.302524643897767e-06,4302524.643897767,97
4,55.6,-23.318584586309576,4.657378579033883e-06,4657378.579033883,97
4,55.8,-23.198752305317846,4.787676188253306e-06,4787676.188253307,97
4,56.0,-23.042564470176913,4.962991746728814e-06,4962991.746728814,97
4,56.2,-23.09444664770674,4.904055033745355e-06,4904055.033745355,97
4,56.4,-22.829031165722533,5.213109934087804e-06,5213109.9340878045,97
4,56.6,-22.667903510094263,5.410154268061121e-06,5410154.268061121,97
4,56.8,-22.47205536034984,5.6597137165118175e-06,5659713.716511818,97
4,57.0,-22.27434375458438,5.923325851756885e-06,5923325.851756886,97
4,57.2,-22.223518264698626,5.9930537603786655e-06,5993053.760378665,97
4,57.4,-22.115823048171734,6.1435259235064815e-06,6143525.923506482,97
4,57.6,-21.91079576092912,6.440512447262893e-06,6440512.447262893,97
4,57.8,-21.71302668751335,6.740580990210335e-06,6740580.990210336,97
4,58.0,-21.502246230509854,7.075797198085316e-06,7075797.198085316,97
4,58.2,-21.619993839956642,6.8865327313103955e-06,6886532.7313103955,97
4,58.4,-21.373014929986887,7.289512868943493e-06,7289512.868943493,97
4,58.6,-21.07901066993135,7.800077773578996e-06,7800077.773578996,97
4,58.8,-20.92895016287872,8.074301899329889e-06,8074301.899329889,97
4,59.0,-20.701923951753457,8.507610622285423e-06,8507610.622285424,97
4,59.2,-20.703924916123235,8.503691736515539e-06,8503691.736515539,97
4,59.4,-20.553041989679798,8.804319636837457e-06,8804319.636837458,97
4,59.6,-20.321818777203575,9.285774273946277e-06,9285774.273946276,97
4,59.8,-20.09142050037382,9.791696639614727e-06,9791696.639614727,97
4,60.0,-19.21651577816302,1.1977010276371755e-05,11977010.276371755,97
4,60.2,-19.25103089263692,1.1882201440024713e-05,11882201.440024713,97
4,60.4,-19.079551663579828,1.2360750309327888e-05,12360750.309327887,97
4,60.6,-18.892275844606637,1.2905428098978109e-05,12905428.09897811,97
4,60.8,-18.669951199863576,1.3583287095611678e-05,13583287.095611678,97
4,61.0,-18.437539574346793,1.4329995122128795e-05,14329995.122128794,96
4,61.2,-18.424650795205686,1.4372586149032927e-05,14372586.149032926,97
4,61.4,-18.25768582947972,1.4935900681753052e-05,14935900.681753052,97
4,61.6,-18.09498677422433,1.550605508919495e-05,15506055.089194948,97
4,61.8,-17.847464034201003,1.641548038771529e-05,16415480.38771529,97
4,62.0,-17.679710580621027,1.706196088296871e-05,17061960.88296871,97
4,62.2,-17.703060630022392,1.6970472604620998e-05,16970472.604620997,97
4,62.4,-17.49284570705028,1.7812112494050352e-05,17812112.49405035,97
4,62.6,-17.310069790096627,1.8577746008531413e-05,18577746.008531414,97
4,62.8,-17.05313338875886,1.9710001672156855e-05,19710001.672156855,97
4,63.0,-16.8941442775796,2.0444927377873566e-05,20444927.377873566,97
4,63.2,-16.877404860424775,2.0523882231542388e-05,20523882.231542386,97
4,63.4,-16.684271370478534,2.145719079662255e-05,21457190.796622552,97
4,63.6,-16.028781395616257,2.495294793540335e-05,24952947.93540335,97
4,63.8,-15.808590058653763,2.6250706368483204e-05,26250706.368483204,97
4,64.0,-15.606753636281361,2.7499489797684008e-05,27499489.797684006,97
4,64.2,-15.649600627884432,2.722951696011676e-05,27229516.96011676,97
4,64.4,-15.445379549110278,2.85405307459571e-05,28540530.7459571,97
4,64.6,-15.272503478351815,2.969953516829075e-05,29699535.16829075,97
4,64.8,-15.013471299936768,3.152483847256583e-05,31524838.47256583,97
4,65.0,-14.810892452384664,3.3030165880364424e-05,33030165.880364425,97
4,65.2,-14.921941790774717,3.219628928732992e-05,32196289.28732992,97
4,65.4,-14.669108198643393,3.4126298102346435e-05,34126298.102346435,97
4,65.6,-14.438984735433749,3.5983344477790725e-05,35983344.47779073,97
4,65.8,-14.136584657151971,3.857816216062764e-05,38578162.16062764,97
4,66.0,-13.508720060108807,4.457876102492803e-05,44578761.02492803,97
4,66.2,-13.53481469050017,4.4311712148990254e-05,44311712.14899025,97
4,66.4,-13.282306514377574,4.6964461665707094e-05,46964461.6657071,97
4,66.6,-13.142080507345177,4.850560761889914e-05,48505607.618899144,97
4,66.8,-12.86913325609899,5.1651944343604654e-05,51651944.343604654,97
4,67.0,-12.663889025076529,5.4151575608573586e-05,54151575.608573586,97
4,67.2,-12.658763546389274,5.421552221726669e-05,54215522.21726669,97
4,67.4,-12.466007576571137,5.6676006618839195e-05,56676006.6188392,97
4,67.6,-12.293190304571539,5.897676807482029e-05,58976768.07482029,97
4,67.8,-11.936849797986198,6.401990424057014e-05,64019904.24057014,97
4,68.0,-11.70863915105464,6.747394221834232e-05,67473942.21834232,97
4,68.2,-11.665237888746802,6.81516243033098e-05,68151624.3033098,97
4,68.4,-11.477567958281952,7.116119035507258e-05,71161190.35507259,97
4,68.6,-11.272685835607902,7.45987269965383e-05,74598726.9965383,97
4,68.8,-11.119123787221945,7.728364933405301e-05,77283649.33405301,97
4,69.0,-10.75198489941507,8.410106782903827e-05,84101067.82903828,97
4,69.2,-10.888886526541086,8.149131901745408e-05,81491319.01745407,97
4,69.4,-10.703448046196222,8.504625521693507e-05,85046255.21693507,97
4,69.6,-10.223772624891119,9.497793818112123e-05,94977938.18112123,97
4,69.8,-9.992347337084851,0.00010017636441492,100176364.41492,97
4,70.0,-9.847228618631384,0.00010358029370460288,103580293.70460288,97
4,70.2,-9.81338993009485,0.00010439050703228257,104390507.03228258,97
4,70.4,-9.601252701406864,0.00010961619679255028,109616196.79255028,97
4,70.6,-9.352385712816023,0.00011608107696971438,116081076.96971437,97
4,70.8,-9.19174795634597,0.00012045510329000524,120455103.29000524,97
4,71.0,-8.939141971638044,0.00012766910176105546,127669101.76105545,96
4,71.2,-8.95998748978161,0.00012705777652095518,127057776.52095518,97
4,71.4,-8.733982817048549,0.00013384486632393898,133844866.32393898,97
4,71.6,-8.495712579689737,0.00014139327114396228,141393271.1439623,97
4,71.8,-8.344082712739521,0.0001464170757080692,146417075.7080692,97
4,72.0,-7.903581577965014,0.00016204731600851513,162047316.00851512,96
4,72.2,-7.965538187763094,0.000159751954847579,159751954.847579,96
4,72.4,-7.647259945082048,0.0001718992593556097,171899259.35560971,97
4,72.6,-7.520765706299535,0.00017697968972253195,176979689.72253194,97
4,72.8,-7.240928916721344,0.00018875875679614197,188758756.79614198,97
4,73.0,-6.796489384868629,0.00020909856940928641,209098569.4092864,97
4,73.2,-6.7947399628922724,0.0002091828153146952,209182815.3146952,97
4,73.4,-6.620274461532041,0.0002177572151752533,217757215.1752533,97
4,73.6,-6.387818193973608,0.00022973024757052412,229730247.57052413,97
4,73.8,-6.158963677704406,0.00024216068265273344,242160682.65273345,97
4,74.0,-5.981444605651646,0.00025226415197363223,252264151.97363222,97
4,74.2,-5.940395508867759,0.0002546598325142679,254659832.5142679,97
4,74.4,-5.644681634279777,0.0002726037567648453,272603756.7648453,97
4,74.6,-5.592190175132423,0.00027591860299540805,275918602.99540806,97
4,74.8,-5.254662017814475,0.0002982179621877554,298217962.1877554,97
4,75.0,-5.0217075985726325,0.00031465108970543405,314651089.705434,97
4,75.2,-5.027222452371014,0.0003142517861116768,314251786.1116768,97
4,75.4,-4.77979428873352,0.0003326753106755944,332675310.6755944,97
4,75.6,-4.581423774489906,0.00034822313617425367,348223136.17425364,97
4,75.8,-4.375420223460289,0.00036513879470564454,365138794.70564455,97
4,76.0,-4.106332016013226,0.00038847833026038706,388478330.26038706,97
4,76.2,-4.16285265198583,0.0003834552911449294,383455291.1449294,97
4,76.4,-3.7434848444436923,0.00042232959462824935,422329594.62824935,97
4,76.6,-3.568526866704694,0.00043969073389196804,439690733.8919681,97
4,76.8,-3.1407870380775478,0.000485200563073769,485200563.07376903,97
4,77.0,-3.0426386929517975,0.0004962906927812895,496290692.7812895,97
4,77.2,-3.0608507876942,0.0004942138604609711,494213860.4609711,97
4,77.4,-2.910175439125318,0.0005116611658785319,511661165.8785319,97
4,77.6,-2.6456920159648263,0.0005437894760069799,543789476.0069798,97
4,77.8,-2.390706258094035,0.0005766726761395433,576672676.1395433,97
4,78.0,-2.1730257563016053,0.0006063137598855893,606313759.8855892,97
4,78.2,-2.092507984624177,0.0006176596080915308,617659608.0915308,97
4,78.4,-1.8899939298691422,0.0006471435202599851,647143520.2599851,97
4,78.6,-1.6956904731107834,0.000676754189038642,676754189.0386419,97
4,78.8,-1.4880235976171399,0.0007099007585620176,709900758.5620177,97
4,79.0,-1.2080016324967424,0.0007571812250930568,757181225.0930568,97
4,79.2,-1.2013446890610737,0.0007583427359721123,758342735.9721123,97
4,79.4,-1.0361333909714006,0.0007877468240381477,787746824.0381477,97
4,79.6,-0.6421314107300446,0.0008625551229872034,862555122.9872034,97
4,79.8,-0.5015740592351108,0.0008909279712003573,890927971.2003573,97
4,80.0,-0.2068973888613499,0.0009534770872932015,953477087.2932016,97
4,80.2,-0.231362001630238,0.0009481210740836497,948121074.0836498,97
4,80.4,-0.056649786825872184,0.0009870406100443607,987040610.0443608,97
4,80.6,0.12217387738975205,0.0010285310043655334,1028531004.3655334,97
4,80.8,0.3693069347951763,0.0010887563312034102,1088756331.2034101,97
4,81.0,0.5767770004583674,0.0011420304930517711,1142030493.0517712,97
4,81.2,0.5753146476251914,0.001141646014211024,1141646014.2110238,97
4,81.4,0.7615021570355225,0.0011916541113678651,1191654111.367865,97
4,81.6,0.9376271446275339,0.0012409740911417091,1240974091.141709,97
4,81.8,1.096630938907623,0.0012872505732130187,1287250573.2130187,96
4,82.0,1.2847529937342301,0.001344235310717865,1344235310.717865,97
4,82.2,1.2482635955782087,0.0013329883676715525,1332988367.6715524,97
4,82.4,1.5121056176036305,0.0014164803747044295,1416480374.7044294,97
4,82.6,1.7475187654527211,0.0014953810628561268,1495381062.8561268,97
4,82.8,1.8435879875438914,0.0015288286007983693,1528828600.7983692,97
4,83.0,2.0199588395526114,0.0015921936368955931,1592193636.8955932,97
4,83.2,1.9860218814117445,0.0015798002861044682,1579800286.104468,97
4,83.4,2.1490650263673174,0.001640236615804834,1640236615.804834,97
4,83.6,2.323827204512643,0.0017075865306389049,1707586530.6389048,97
4,83.8,2.4557946637031804,0.0017602707252925218,1760270725.2925217,97
4,84.0,2.6299847977759043,0.00183230800847307,1832308008.4730701,97
4,84.2,2.6618518918949086,0.001845802327101536,1845802327.101536,97
4,84.4,2.7782931172628587,0.0018959606162133988,1895960616.2133987,97
4,84.6,2.9380320392650745,0.0019669947643017258,1966994764.3017259,97
4,84.8,3.0411568308121026,0.0020142607173156165,2014260717.3156166,97
4,85.0,3.1740098363588203,0.0020768301675957554,2076830167.5957553,97
8,50.0,-28.865519183939853,1.2985183212034796e-06,1298518.3212034795,97
8,50.2,-28.976432645675402,1.2657756460084328e-06,1265775.6460084328,97
8,50.4,-28.8317977275804,1.3086401096679445e-06,1308640.1096679445,97
8,50.6,-28.520867176910095,1.4057667998114257e-06,1405766.7998114256,97
8,50.8,-28.519702189825423,1.4061439447922616e-06,1406143.9447922616,97
8,51.0,-28.218063788034883,1.5072789054831567e-06,1507278.9054831567,97
8,51.2,-28.184024000951865,1.5191393030173353e-06,1519139.3030173352,97
8,51.4,-28.07854209163871,1.55648805042383e-06,1556488.05042383,97
8,51.6,-27.856228530865046,1.6382385713197601e-06,1638238.57131976,97
8,51.8,-27.667381277601365,1.711046736386571e-06,1711046.7363865708,97
8,52.0,-27.432891708894573,1.8059712366545176e-06,1805971.2366545177,97
8,52.2,-27.46335197602069,1.793348948157601e-06,1793348.948157601,97
8,52.4,-27.267091852697128,1.8762504729738298e-06,1876250.4729738298,97
8,52.6,-27.030271054243826,1.9814033575174723e-06,1981403.3575174722,97
8,52.8,-26.840671225491455,2.069821422029858e-06,2069821.422029858,97
8,53.0,-26.635506165309025,2.1699482838104992e-06,2169948.283810499,97
8,53.2,-26.652879760738415,2.1612849233219725e-06,2161284.9233219726,97
8,53.4,-26.43712080782891,2.271370177004008e-06,2271370.1770040076,97
8,53.6,-26.166684804339482,2.417305385261203e-06,2417305.385261203,97
8,53.8,-26.05267024721536,2.4816068272613444e-06,2481606.8272613445,97
8,54.0,-24.32776371531724,3.6916764276011214e-06,3691676.4276011214,97
8,54.2,-24.221644034859658,3.782993512476989e-06,3782993.512476989,97
8,54.4,-24.099610971042452,3.890799961407842e-06,3890799.9614078426,97
8,54.6,-23.985020032416415,3.994827186363288e-06,3994827.1863632877,97
8,54.8,-23.777221928119573,4.190615424618481e-06,4190615.4246184807,97
8,55.0,-23.68085112143867,4.2846454256452125e-06,4284645.425645213,97
8,55.2,-23.60548176948599,4.359651990340527e-06,4359651.990340527,97
8,55.4,-23.468304541163704,4.499554804502349e-06,4499554.804502349,97
8,55.6,-23.530637473152005,4.435435342284695e-06,4435435.342284695,97
8,55.8,-23.10754920708046,4.889281914715469e-06,4889281.914715469,97
8,56.0,-22.901241633248873,5.1271477961249574e-06,5127147.7961249575,97
8,56.2,-22.93747883256711,5.084545250520245e-06,5084545.250520245,97
8,56.4,-22.819199416607233,5.224924969838834e-06,5224924.969838833,97
8,56.6,-22.634251171955327,5.452238972858449e-06,5452238.9728584485,97
8,56.8,-22.495322375619367,5.629473284153312e-06,5629473.284153312,97
8,57.0,-22.21316182646575,6.00736219773199e-06,6007362.19773199,97
8,57.2,-22.22516742487771,5.99077843114595e-06,5990778.43114595,97
8,57.4,-22.125571886052562,6.129750692788358e-06,6129750.692788358,97
8,57.6,-21.8993733645773,6.457473960026345e-06,6457473.960026345,97
8,57.8,-21.729381641429953,6.715244593316298e-06,6715244.593316298,97
8,58.0,-21.473541682630653,7.122719336284932e-06,7122719.336284932,96
8,58.2,-21.51853777918697,7.049303711663577e-06,7049303.711663577,97
8,58.4,-21.32664129419951,7.367766786329344e-06,7367766.786329344,97
8,58.6,-21.053574759415035,7.845895583524277e-06,7845895.583524277,97
8,58.8,-20.852111318109394,8.218430146865033e-06,8218430.146865033,97
8,59.0,-20.676787914577048,8.556993627054805e-06,8556993.627054805,97
8,59.2,-20.727551896608645,8.457554603236215e-06,8457554.603236215,97
8,59.4,-20.488653489562424,8.935824920066097e-06,8935824.920066098,97
8,59.6,-20.330255669436838,9.26775262454906e-06,9267752.624549061,97
8,59.8,-20.105343367619994,9.760356107672933e-06,9760356.107672933,97
8,60.0,-19.28017653191447,1.1802726589825693e-05,11802726.589825694,97
8,60.2,-19.22558169756843,1.195203428430922e-05,11952034.284309221,97
8,60.4,-18.989566722601296,1.2619534281139691e-05,12619534.28113969,97
8,60.6,-18.82195772072103,1.3116085164170781e-05,13116085.164170781,97
8,60.8,-18.655734864487798,1.3627823919221555e-05,13627823.919221556,97
8,61.0,-18.413159299528566,1.4410666581219219e-05,14410666.581219219,97
8,61.2,-18.462583978242215,1.4247596336364123e-05,14247596.336364124,97
8,61.4,-18.31642562734394,1.4735247581713825e-05,14735247.581713825,96
8,61.6,-18.1230415196506,1.54062112294998e-05,15406211.2294998,97
8,61.8,-17.971270661183418,1.595412292337893e-05,15954122.923378931,97
8,62.0,-17.59488160385989,1.7398501286966007e-05,17398501.286966007,97
8,62.2,-17.59608560548972,1.73936785408001e-05,17393678.540800102,97
8,62.4,-17.528479729546582,1.7666561396399853e-05,17666561.396399852,97
8,62.6,-17.290646250405295,1.8661019855111895e-05,18661019.855111893,97
8,62.8,-17.00263686971642,1.994051235827126e-05,19940512.35827126,97
8,63.0,-16.80085060656762,2.088886962637911e-05,20888869.62637911,97
8,63.2,-16.81376944580932,2.082682440474865e-05,20826824.404748652,97
8,63.4,-16.62070630853308,2.1773556324804498e-05,21773556.3248045,97
8,63.6,-16.03522552175648,2.4915949835940736e-05,24915949.835940737,97
8,63.8,-15.83562777461075,2.608778595648187e-05,26087785.95648187,97
8,64.0,-15.587353026607047,2.7622609085524076e-05,27622609.085524075,97
8,64.2,-15.581558744986943,2.7659487286924736e-05,27659487.286924735,97
8,64.4,-15.405614134997101,2.8803057174941246e-05,28803057.174941245,97
8,64.6,-15.136313198504268,3.0645638914089456e-05,30645638.914089456,97
8,64.8,-15.053646391422717,3.1234557728876266e-05,31234557.728876267,97
8,65.0,-14.765704890353874,3.337563297802673e-05,33375632.97802673,97
8,65.2,-14.742513641147298,3.355433498122684e-05,33554334.981226835,97
8,65.4,-14.575185620713512,3.487236791055291e-05,34872367.91055291,97
8,65.6,-14.291995710568528,3.72220620651822e-05,37222062.0651822,97
8,65.8,-14.116391218464138,3.875795714248625e-05,38757957.14248625,97
8,66.0,-13.458332273051482,4.509898551507977e-05,45098985.51507977,97
8,66.2,-13.42841636114698,4.5410717497420256e-05,45410717.49742026,97
8,66.4,-13.20838584767155,4.777067910525202e-05,47770679.10525202,97
8,66.6,-13.050108153265569,4.954378526584205e-05,49543785.26584205,97
8,66.8,-12.798047875366805,5.250434107162519e-05,52504341.07162519,97
8,67.0,-12.694653563026066,5.3769332324085114e-05,53769332.32408512,97
8,67.2,-12.666016897515021,5.412504996154433e-05,54125049.96154433,97
8,67.4,-12.366388831034172,5.7991069313161385e-05,57991069.31316139,97
8,67.6,-12.156715014294257,6.0859516611889316e-05,60859516.61188932,97
8,67.8,-11.896508012394946,6.461735824515776e-05,64617358.24515776,97
8,68.0,-11.678774529582782,6.793953139389841e-05,67939531.39389841,97
8,68.2,-11.619855793212693,6.886751633131514e-05,68867516.33131513,97
8,68.4,-11.478919573023958,7.113904695871284e-05,71139046.95871283,97
8,68.6,-11.29677849810178,7.418603330935611e-05,74186033.30935611,97
8,68.8,-11.070417206624398,7.815527208263892e-05,78155272.08263892,97
8,69.0,-10.872994254200037,8.17900690015215e-05,81790069.0015215,97
8,69.2,-10.802281605469076,8.313269112221988e-05,83132691.12221988,97
8,69.4,-10.638000165078779,8.633760227798285e-05,86337602.27798286,97
8,69.6,-10.256705358692592,9.426044031501239e-05,94260440.3150124,97
8,69.8,-9.99686577971027,0.00010007219413660401,100072194.13660401,97
8,70.0,-9.75985094788409,0.00010568537803604424,105685378.03604424,97
8,70.2,-9.723242381518574,0.00010658001127491129,106580011.27491128,97
8,70.4,-9.574031255614798,0.00011030542554986024,110305425.54986024,97
8,70.6,-9.337345538041845,0.0001164837775228881,116483777.52288811,97
8,70.8,-9.104095493169439,0.00012291091469699656,122910914.69699655,97
8,71.0,-8.910420892588512,0.00012851621035794492,128516210.35794492,97
8,71.2,-8.899808398398783,0.00012883063878105745,128830638.78105745,97
8,71.4,-8.682035534486126,0.0001354554385073798,135455438.5073798,97
8,71.6,-8.490174011956675,0.0001415737053445327,141573705.3445327,97
8,71.8,-8.328351938958768,0.00014694838116829876,146948381.16829875,97
8,72.0,-7.889229907253437,0.00016258370242760173,162583702.42760172,97
8,72.2,-7.840529550220332,0.00016441712315305243,164417123.15305242,97
8,72.4,-7.705475081733944,0.00016961040525552968,169610405.25552967,97
8,72.6,-7.479135273554981,0.0001786843318919637,178684331.8919637,96
8,72.8,-7.3575409181948075,0.00018375785308352415,183757853.08352414,96
8,73.0,-6.770680010225675,0.00021034490598370898,210344905.98370898,97
8,73.2,-6.7400702728862925,0.00021183268584724847,211832685.84724846,97
8,73.4,-6.57433968470054,0.00022007262897052085,220072628.97052085,97
8,73.6,-6.35361127089071,0.000231546847734996,231546847.73499602,97
8,73.8,-6.156899421937084,0.00024227581200054161,242275812.00054163,97
8,74.0,-5.969931599811986,0.00025293378325085615,252933783.25085616,97
8,74.2,-5.911475420184281,0.00025636129573244307,256361295.73244306,97
8,74.4,-5.725780773466191,0.00026756045304860435,267560453.04860434,97
8,74.6,-5.492506193352256,0.00028232502850730697,282325028.507307,97
8,74.8,-5.187166271708911,0.0003028889103485777,302888910.3485777,97
8,75.0,-5.0338006257407955,0.0003137761553976552,313776155.3976552,97
8,75.2,-4.88276046565624,0.00032488073082358746,324880730.8235875,97
8,75.4,-4.8368120254648375,0.00032833622259177686,328336222.59177685,97
8,75.6,-4.546562556703549,0.00035102960415777295,351029604.15777296,97
8,75.8,-4.359695653343643,0.0003664632549092828,366463254.9092828,97
8,76.0,-4.132186330072059,0.0003861725207150486,386172520.7150486,97
8,76.2,-4.113109411998458,0.0003878725619888928,387872561.9888928,96
8,76.4,-3.758952492017862,0.0004208281188877354,420828118.8877354,97
8,76.6,-3.531150189831102,0.000443491173732523,443491173.732523,97
8,76.8,-3.212895163282539,0.0004772110415458696,477211041.5458696,97
8,77.0,-3.0224275991282,0.0004986057012503833,498605701.2503833,97
8,77.2,-2.998785084032484,0.0005013274577319994,501327457.7319994,97
8,77.4,-2.851221973794381,0.0005186540847669243,518654084.76692426,97
8,77.6,-2.6622918419855495,0.000541714943251266,541714943.251266,97
8,77.8,-2.477651123812727,0.0005652426028991579,565242602.8991579,97
8,78.0,-2.1710008260870026,0.000606596524085857,606596524.085857,97
8,78.2,-2.176633121916886,0.0006058103486333937,605810348.6333936,97
8,78.4,-2.035451091026509,0.0006258278573408742,625827857.3408742,97
8,78.6,-1.7353802894032064,0.0006705975633420802,670597563.3420802,97
8,78.8,-1.5980073372216417,0.000692148474870077,692148474.870077,97
8,79.0,-1.4042670092271727,0.0007237245402921138,723724540.2921138,97
8,79.2,-1.423817273231414,0.0007204739332812448,720473933.2812449,97
8,79.4,-1.2079715104625421,0.0007571864768102218,757186476.8102218,97
8,79.6,-0.8429552218861893,0.000823577508640109,823577508.6401091,97
8,79.8,-0.7487510760650267,0.0008416371409537487,841637140.9537487,97
8,80.0,-0.6263193201889763,0.0008657012966016555,865701296.6016555,97
8,80.2,-0.5679530698204225,0.0008774142693083383,877414269.3083383,97
8,80.4,-0.41196262914862203,0.0009095021647482149,909502164.748215,97
8,80.6,-0.33057664080931204,0.0009267067703721767,926706770.3721766,97
8,80.8,-0.08254309834086371,0.0009811732291286606,981173229.1286606,97
8,81.0,0.041006752679887626,0.001009486871510133,1009486871.5101329,97
8,81.2,0.058628070852183356,0.0010135911433769745,1013591143.3769745,97
8,81.4,0.19039683447486055,0.0010448156843852194,1044815684.3852195,97
8,81.6,0.3307218667108778,0.001079126075292498,1079126075.292498,97
8,81.8,0.4648618702612559,0.0011129769933959557,1112976993.3959556,97
8,82.0,0.5626124528625525,0.0011383118194404824,1138311819.4404824,96
8,82.2,0.6275639176704004,0.0011554639275176608,1155463927.5176609,97
8,82.4,0.7802215849981629,0.001196801592758534,1196801592.758534,97
8,82.6,1.0008620703131754,0.0012591753320648814,1259175332.0648813,97
8,82.8,1.0974072627501563,0.001287480696476235,1287480696.476235,97
8,83.0,1.1856606043832585,0.0013139113385259307,1313911338.5259306,97
8,83.2,1.182250596541575,0.001312880082171533,1312880082.171533,97
8,83.4,1.2866215083024422,0.0013448137808037186,1344813780.8037186,97
8,83.6,1.4787397208879298,0.0014056395624095115,1405639562.4095116,97
8,83.8,1.6213679991768544,0.0014525690952851289,1452569095.2851288,97
8,84.0,1.7474301561378205,0.0014953505528346384,1495350552.8346384,97
8,84.2,1.6814190577595909,0.001472793659330703,1472793659.3307028,97
8,84.4,1.8858020445656187,0.001543761495146927,1543761495.1469269,97
8,84.6,1.9972311180174884,0.0015838830521624503,1583883052.1624503,97
8,84.8,2.12052301565954,0.0016294922586311195,1629492258.6311195,97
8,85.0,2.2344223819941007,0.0016727931376714121,1672793137.6714122,97
16,50.0,-28.943663866945066,1.275362412497299e-06,1275362.412497299,97
16,50.2,-28.908374647741994,1.285767770025434e-06,1285767.770025434,97
16,50.4,-28.74669217528492,1.3345375020450473e-06,1334537.5020450472,97
16,50.6,-28.597562150291374,1.3811593410058835e-06,1381159.3410058834,97
16,50.8,-28.42250780579831,1.4379679930207126e-06,1437967.9930207126,96
16,51.0,-28.177556674935985,1.5214032249618984e-06,1521403.2249618985,97
16,51.2,-28.18453269761544,1.518961374015166e-06,1518961.374015166,97
16,51.4,-28.027010282470826,1.5750667797520514e-06,1575066.7797520515,97
16,51.6,-27.784082220600354,1.6656807931134002e-06,1665680.7931134002,97
16,51.8,-27.70996572540905,1.6943511722414967e-06,1694351.1722414966,97
16,52.0,-27.389694685773918,1.8240239288807567e-06,1824023.9288807567,97
16,52.2,-27.45959707481014,1.7949001444752853e-06,1794900.1444752852,97
16,52.4,-27.27419609659917,1.873183787734563e-06,1873183.787734563,97
16,52.6,-27.052924520586394,1.971094962134743e-06,1971094.9621347429,96
16,52.8,-26.852691054887508,2.0641007636102375e-06,2064100.7636102375,97
16,53.0,-26.62267698523639,2.1763678486555093e-06,2176367.8486555093,97
16,53.2,-26.622864746659417,2.1762737583301647e-06,2176273.7583301645,96
16,53.4,-26.403123720491678,2.289220508350567e-06,2289220.508350567,97
16,53.6,-26.277820942531335,2.3562312181799402e-06,2356231.2181799402,97
16,53.8,-26.05757565256701,2.478805406664769e-06,2478805.406664769,97
16,54.0,-24.308289554545972,3.708267411433491e-06,3708267.411433491,97
16,54.2,-24.088066137999895,3.901156618995091e-06,3901156.618995091,97
16,54.4,-24.085157096498705,3.903770612187089e-06,3903770.612187089,97
16,54.6,-24.03553714290831,3.948628590090303e-06,3948628.590090303,97
16,54.8,-23.802314178549288,4.166473099134478e-06,4166473.0991344783,97
16,55.0,-23.738514070121667,4.228132542288169e-06,4228132.542288169,97
16,55.2,-23.693927062812257,4.271764415915799e-06,4271764.415915799,97
16,55.4,-23.539026287038844,4.426876143211069e-06,4426876.1432110695,97
16,55.6,-23.32545426737893,4.650017349390527e-06,4650017.349390526,97
16,55.8,-23.2011881994353,4.784991603769358e-06,4784991.603769358,97
16,56.0,-22.88057950149576,5.151598995566024e-06,5151598.9955660235,97
16,56.2,-22.982308998642537,5.03232985487969e-06,5032329.854879689,97
16,56.4,-22.844236066073634,5.1948904478165785e-06,5194890.447816579,97
16,56.6,-22.644250832688606,5.4396995961408374e-06,5439699.596140837,97
16,56.8,-22.42803392273813,5.717374070597325e-06,5717374.0705973245,97
16,57.0,-22.267272796138712,5.9329777602122245e-06,5932977.760212225,97
16,57.2,-22.232955130982944,5.980045479501659e-06,5980045.479501659,97
16,57.4,-22.137100863002942,6.1134999599835335e-06,6113499.959983533,97
16,57.6,-21.86739584984857,6.505196430362655e-06,6505196.430362656,97
16,57.8,-21.72825462629553,6.7169874578191325e-06,6716987.457819132,97
16,58.0,-21.484657427924418,7.104512082803139e-06,7104512.0828031385,97
16,58.2,-21.56913680510165,6.967649879438629e-06,6967649.879438628,97
16,58.4,-21.33943269847984,7.3460982103422e-06,7346098.2103422005,97
16,58.6,-21.090784073703674,7.77896097278387e-06,7778960.97278387,97
16,58.8,-20.927549536706103,8.076906330851947e-06,8076906.330851947,97
16,59.0,-20.69498250902788,8.52121943246722e-06,8521219.432467218,97
16,59.2,-20.699179133427577,8.512989282955645e-06,8512989.282955645,97
16,59.4,-20.510510768352177,8.890965461670406e-06,8890965.461670406,97
16,59.6,-20.2847874375486,9.365290565440472e-06,9365290.565440472,97
16,59.8,-20.05007783918127,9.885353768462903e-06,9885353.768462904,97
16,60.0,-19.25844334694589,1.1861938425357706e-05,11861938.425357707,97
16,60.2,-19.200606149083242,1.202096645096406e-05,12020966.45096406,97
16,60.4,-19.001806176437142,1.2584019493178805e-05,12584019.493178805,97
16,60.6,-18.813098450251324,1.3142868268692618e-05,13142868.268692618,97
16,60.8,-18.672660594113466,1.3574815654215579e-05,13574815.654215578,97
16,61.0,-18.451657543230013,1.4283487059952525e-05,14283487.059952525,97
16,61.2,-18.391718464916522,1.4481987007182601e-05,14481987.007182602,97
16,61.4,-18.235736766586975,1.5011577175841527e-05,15011577.175841527,97
16,61.6,-18.04460989031029,1.568696801229277e-05,15686968.012292769,97
16,61.8,-17.845542053575407,1.6422746705600055e-05,16422746.705600055,97
16,62.0,-17.56915791861897,1.750186010499847e-05,17501860.104998473,97
16,62.2,-17.68241246667249,1.7051349387997192e-05,17051349.38799719,97
16,62.4,-17.417261345784723,1.8124826810704376e-05,18124826.810704377,97
16,62.6,-17.246469303678246,1.8851810677436164e-05,18851810.677436166,97
16,62.8,-17.03629533029681,1.9786567774193983e-05,19786567.774193984,97
16,63.0,-16.798079126677415,2.0902204255501687e-05,20902204.255501688,97
16,63.2,-16.784976624035835,2.096536064897697e-05,20965360.64897697,97
16,63.4,-16.57761476426029,2.199067314744829e-05,21990673.14744829,97
16,63.6,-16.01654726489094,2.5023339807573485e-05,25023339.807573486,97
16,63.8,-15.750958344159038,2.6601379906306292e-05,26601379.906306293,97
16,64.0,-15.528475643544226,2.7999639234429323e-05,27999639.234429322,97
16,64.2,-15.580744216416598,2.766467536930426e-05,27664675.36930426,97
16,64.4,-15.373344095366768,2.9017873990847305e-05,29017873.990847304,97
16,64.6,-15.19159242121723,3.0258037576401196e-05,30258037.576401196,97
16,64.8,-14.936335204406326,3.2089760779490163e-05,32089760.77949016,97
16,65.0,-14.73709947792635,3.3596191818065326e-05,33596191.81806532,97
16,65.2,-14.7482564480798,3.350999439487429e-05,33509994.39487429,97
16,65.4,-14.523498092696713,3.52898807432176e-05,35289880.7432176,97
16,65.6,-14.280009937206913,3.7324930375313856e-05,37324930.375313856,97
16,65.8,-14.136216958688088,3.8581428546011464e-05,38581428.54601146,97
16,66.0,-13.41621170663948,4.5538511336783825e-05,45538511.33678383,97
16,66.2,-13.402705839450832,4.56803492918114e-05,45680349.2918114,97
16,66.4,-13.184126029531512,4.803827423218809e-05,48038274.23218809,97
16,66.6,-13.01880431784032,4.990218572465949e-05,49902185.724659495,97
16,66.8,-12.864328785602694,5.1709116969506166e-05,51709116.96950617,97
16,67.0,-12.574491887146948,5.5277807770833484e-05,55277807.770833485,97
16,67.2,-12.617414579222213,5.4734170672582995e-05,54734170.67258299,97
16,67.4,-12.440317530241948,5.701225867911578e-05,57012258.67911578,97
16,67.6,-12.162253892347294,6.078194745404794e-05,60781947.45404794,97
16,67.8,-11.859517311129167,6.51700822163577e-05,65170082.21635771,97
16,68.0,-11.630382400162361,6.870079456890041e-05,68700794.5689004,97
16,68.2,-11.625046092382796,6.878526119779351e-05,68785261.19779351,97
16,68.4,-11.470892258008696,7.12706589515825e-05,71270658.95158249,97
16,68.6,-11.214092503268489,7.561200418028418e-05,75612004.18028417,97
16,68.8,-11.027090289189701,7.893888196875187e-05,78938881.96875186,97
16,69.0,-10.801268231670782,8.3152091396448e-05,83152091.396448,97
16,69.2,-10.869074677244242,8.186391916355721e-05,81863919.16355722,97
16,69.4,-10.533989001769086,8.843030029736656e-05,88430300.29736656,97
16,69.6,-10.194121673060799,9.562860769136209e-05,95628607.69136208,97
16,69.8,-9.925087237392063,0.00010173989293285592,101739892.93285592,97
16,70.0,-9.81012552158436,0.00010446900247220088,104469002.47220087,97
16,70.2,-9.755383155484523,0.00010579415751836052,105794157.51836053,97
16,70.4,-9.50927013294978,0.00011196260298790834,111962602.98790833,97
16,70.6,-9.289378962874977,0.00011777743821355691,117777438.2135569,97
16,70.8,-9.080759923620072,0.00012357311876667152,123573118.76667152,97
16,71.0,-8.921227667134431,0.00012819681436452386,128196814.36452386,97
16,71.2,-8.903755839295975,0.0001287135937104265,128713593.7104265,97
16,71.4,-8.648732616897966,0.0001364981415188865,136498141.51888648,97
16,71.6,-8.47407559120591,0.00014209946436323569,142099464.36323568,97
16,71.8,-8.301463158605479,0.00014786101535052963,147861015.35052964,97
16,72.0,-7.889062570032465,0.00016258996703151022,162589967.0315102,97
16,72.2,-7.882773966413907,0.00016282556856945572,162825568.5694557,97
16,72.4,-7.698930613481906,0.00016986618715623364,169866187.15623364,97
16,72.6,-7.443248706405036,0.00018016695116617178,180166951.1661718,97
16,72.8,-7.302511253329847,0.00018610107193910117,186101071.93910116,97
16,73.0,-6.714398060229726,0.0002130885891598592,213088589.15985918,97
16,73.2,-6.827481306758088,0.00020761172137015972,207611721.37015972,97
16,73.4,-6.530307422617035,0.000222315251551013,222315251.55101302,97
16,73.6,-6.382112985461852,0.00023003223626347693,230032236.26347694,97
16,73.8,-6.1882084244079465,0.0002405354865645723,240535486.5645723,97
16,74.0,-5.924146617376863,0.0002556144130489129,255614413.0489129,97
16,74.2,-5.958914482612421,0.0002535762364121738,253576236.41217378,97
16,74.4,-5.800511828593756,0.00026299580254792295,262995802.54792294,96
16,74.6,-5.619665788092959,0.0002741785158257921,274178515.8257921,97
16,74.8,-5.284371762767115,0.0002961848386415989,296184838.6415989,97
16,75.0,-5.048415796257046,0.00031272198950836627,312721989.5083663,97
16,75.2,-5.0803952797987435,0.000310427703472378,310427703.472378,97
16,75.4,-4.839340825600054,0.0003281450953649888,328145095.3649888,97
16,75.6,-4.7006669383714055,0.00033879212443544896,338792124.43544894,97
16,75.8,-4.472489937791522,0.0003570680618505549,357068061.8505549,97
16,76.0,-4.279275704662062,0.00037331241184337125,373312411.8433713,97
16,76.2,-4.309375277251512,0.00037073404719778946,370734047.1977895,97
16,76.4,-3.95057301735293,0.0004026639024908317,402663902.4908317,97
16,76.6,-3.767025352253526,0.00042004659133677803,420046591.33677804,96
16,76.8,-3.553617559645602,0.0004412027838478068,441202783.84780675,97
16,77.0,-3.3716506049022286,0.00046008167902518795,460081679.02518797,97
16,77.2,-3.3315985129922794,0.00046434433198086754,464344331.98086756,97
16,77.4,-3.236460316549021,0.0004746286700685725,474628670.0685725,97
16,77.6,-3.1450614146920444,0.00048472325798049103,484723257.98049104,97
16,77.8,-2.9842021566363357,0.0005030136661158107,503013666.1158107,97
16,78.0,-2.77815361706714,0.0005274540584182915,527454058.4182915,97
16,78.2,-2.7849183255232717,0.0005266331187913101,526633118.79131013,97
16,78.4,-2.647822409999357,0.0005435227901963534,543522790.1963534,97
16,78.6,-2.4382648202966735,0.000570392121166762,570392121.166762,97
16,78.8,-2.292563498769155,0.000589852806509126,589852806.509126,97
16,79.0,-2.1443668680782864,0.0006103280262279288,610328026.2279289,97
16,79.2,-2.080717690976101,0.0006193387181376553,619338718.1376554,97
16,79.4,-2.0263743209058447,0.0006271372075856531,627137207.5856532,97
16,79.6,-1.7434341133715776,0.0006693551183673729,669355118.3673729,97
16,79.8,-1.6685869179733643,0.0006809908994925127,680990899.4925127,97
16,80.0,-1.5380983351676925,0.0007017625150709465,701762515.0709465,97
16,80.2,-1.6418843981595757,0.000685190858513143,685190858.513143,96
16,80.4,-1.4072541920655652,0.0007232269161490073,723226916.1490073,97
16,80.6,-1.3199740595904643,0.0007379086376442524,737908637.6442524,97
16,80.8,-1.187825173162878,0.0007607071226942027,760707122.6942027,97
16,81.0,-0.9770785569965312,0.0007985316685986951,798531668.598695,97
16,81.2,-1.0541899443413598,0.0007844784278854158,784478427.8854158,97
16,81.4,-0.9875942584776283,0.0007966004990580147,796600499.0580148,97
16,81.6,-0.8005449458762435,0.0008316594092423255,831659409.2423254,97
16,81.8,-0.6022674760744238,0.0008705089736246483,870508973.6246483,97
16,82.0,-0.5440072535734828,0.0008822654546593559,882265454.6593559,97
16,82.2,-0.5472246514211676,0.0008816120851397033,881612085.1397033,97
16,82.4,-0.3835324392169248,0.0009154755630178695,915475563.0178696,97
16,82.6,-0.2574838590768813,0.0009424354504800257,942435450.4800258,97
16,82.8,-0.11974500288097545,0.0009728043405565181,972804340.5565181,97
16,83.0,-0.05903343371269898,0.0009864990165329474,986499016.5329474,97
16,83.2,-0.030981615418088637,0.0009928916044312658,992891604.4312657,97
16,83.4,0.030911719803551563,0.0010071430774583852,1007143077.4583852,97
16,83.6,0.08141669666705909,0.0010189237133481188,1018923713.3481188,97
16,83.8,0.3328363365219431,0.0010796516023632112,1079651602.3632112,97
16,84.0,0.397747402949868,0.0010959096226949218,1095909622.6949217,97
16,84.2,0.461406503635299,0.0011120918303937804,1112091830.3937805,97
16,84.4,0.5087637410592158,0.0011242848904407948,1124284890.4407947,97
16,84.6,0.6491690780428918,0.0011612264187908577,1161226418.7908578,97
16,84.8,0.8642237047251946,0.0012201756965615328,1220175696.5615327,97
16,85.0,0.8575300421244023,0.0012182965215157752,1218296521.5157752,97
32,50.0,-28.869250468174627,1.2974031653903825e-06,1297403.1653903825,97
32,50.2,-29.056105789678412,1.2427661655639278e-06,1242766.1655639277,97
32,50.4,-28.683116387181975,1.3542173115790092e-06,1354217.3115790093,97
32,50.6,-28.423296191736796,1.4377069786860176e-06,1437706.9786860177,97
32,50.8,-28.32377181189564,1.4710343662259536e-06,1471034.3662259537,97
32,51.0,-28.190394739325924,1.5169124858489692e-06,1516912.485848969,97
32,51.2,-28.12543931788467,1.5397707600812926e-06,1539770.7600812926,97
32,51.4,-28.003313255515927,1.5836845301886823e-06,1583684.5301886823,97
32,51.6,-27.757188732015756,1.6760274483215714e-06,1676027.4483215713,97
32,51.8,-27.667473646664824,1.711010344926299e-06,1711010.344926299,97
32,52.0,-27.46343978620355,1.7933126887268141e-06,1793312.688726814,97
32,52.2,-27.412707975619412,1.8143839791089134e-06,1814383.9791089133,97
32,52.4,-27.340433596434863,1.8448312233843691e-06,1844831.2233843692,97
32,52.6,-26.975734017362797,2.006441945094144e-06,2006441.945094144,96
32,52.8,-26.819841919225553,2.079772388283432e-06,2079772.3882834318,97
32,53.0,-26.608481541320515,2.1834932106650743e-06,2183493.210665074,97
32,53.2,-26.67131012920067,2.152132406455769e-06,2152132.406455769,97
32,53.4,-26.36282897500054,2.3105592118386443e-06,2310559.2118386445,97
32,53.6,-26.178891389918647,2.410520676308894e-06,2410520.676308894,97
32,53.8,-26.024054792555667,2.4980120024663426e-06,2498012.0024663424,97
32,54.0,-24.338723873838013,3.6823716015197728e-06,3682371.601519773,97
32,54.2,-24.447756470775985,3.5910739863593958e-06,3591073.9863593956,97
32,54.4,-24.174059557783742,3.824670659545251e-06,3824670.6595452507,97
32,54.6,-24.018739671632517,3.96393051356726e-06,3963930.51356726,97
32,54.8,-23.826495928766434,4.143338420278885e-06,4143338.4202788854,97
32,55.0,-23.66970623229429,4.29565482671343e-06,4295654.82671343,97
32,55.2,-23.60987814609166,4.3552409340528835e-06,4355240.934052884,97
32,55.4,-23.503677236136213,4.463055385673504e-06,4463055.385673503,97
32,55.6,-23.217870117130353,4.766646971349573e-06,4766646.971349573,97
32,55.8,-23.133420277527314,4.8602428747011704e-06,4860242.87470117,97
32,56.0,-23.053052977842974,4.951020245296934e-06,4951020.245296935,97
32,56.2,-22.973429637819997,5.0426292219543645e-06,5042629.221954364,97
32,56.4,-22.79866043732344,5.249693598241784e-06,5249693.598241784,97
32,56.6,-22.56863736747316,5.535237543321332e-06,5535237.543321332,97
32,56.8,-22.473141079941385,5.658298986578904e-06,5658298.986578904,97
32,57.0,-22.24737124184135,5.960228033533405e-06,5960228.0335334055,97
32,57.2,-22.248155667273615,5.959151590603754e-06,5959151.590603754,97
32,57.4,-22.03821352159663,6.254299116220614e-06,6254299.116220614,97
32,57.6,-21.827364490825374,6.565435678590899e-06,6565435.678590899,97
32,57.8,-21.638351325585333,6.857485017931695e-06,6857485.017931695,97
32,58.0,-21.53057594197687,7.029790877498957e-06,7029790.877498957,97
32,58.2,-21.478103768203184,7.1152411399452866e-06,7115241.139945286,97
32,58.4,-21.273334898914698,7.458757887459892e-06,7458757.887459892,97
32,58.6,-21.136009782144043,7.698374279287969e-06,7698374.279287969,97
32,58.8,-20.911246939590285,8.107282493942906e-06,8107282.493942906,97
32,59.0,-20.61074261899202,8.688118546724738e-06,8688118.546724737,97
32,59.2,-20.593976741850483,8.721723730110347e-06,8721723.730110347,97
32,59.4,-20.43379275997261,9.049419560900268e-06,9049419.560900267,97
32,59.6,-20.254668976489576,9.430464886481911e-06,9430464.886481911,97
32,59.8,-20.056142358180097,9.87155942373423e-06,9871559.42373423,97
32,60.0,-19.227633091833802,1.1946390062267802e-05,11946390.0622678,96
32,60.2,-19.28311843304961,1.1794734156489082e-05,11794734.156489082,97
32,60.4,-19.050639640083503,1.2443313299557673e-05,12443313.299557673,97
32,60.6,-18.840128610471083,1.306132208210058e-05,13061322.08210058,97
32,60.8,-18.580839012889214,1.38648794758821e-05,13864879.4758821,97
32,61.0,-18.338197327906684,1.466156287685367e-05,14661562.87685367,97
32,61.2,-18.463287198372946,1.4245289517868101e-05,14245289.517868102,97
32,61.4,-18.144849589762124,1.5329042948816007e-05,15329042.948816007,97
32,61.6,-18.04891498440135,1.5671425468115e-05,15671425.468115,97
32,61.8,-17.804468483186326,1.657880226208831e-05,16578802.262088312,97
32,62.0,-17.62933798168558,1.7261009907459347e-05,17261009.90745935,97
32,62.2,-17.625202312550712,1.7277454930151602e-05,17277454.9301516,97
32,62.4,-17.426854974632974,1.808483299198436e-05,18084832.99198436,97
32,62.6,-17.17107847588104,1.9181923401764115e-05,19181923.401764113,97
32,62.8,-16.934289468451105,2.0256809931492656e-05,20256809.931492656,97
32,63.0,-16.79836839074045,2.0900812099849543e-05,20900812.09984954,97
32,63.2,-16.75695772579337,2.1101057815213358e-05,21101057.815213356,97
32,63.4,-16.52854662035292,2.2240540525561993e-05,22240540.525561992,97
32,63.6,-15.923335129751344,2.5566217955806793e-05,25566217.95580679,97
32,63.8,-15.803524264076984,2.62813441681366e-05,26281344.1681366,97
32,64.0,-15.576787372861432,2.7689892054910122e-05,27689892.054910123,97
32,64.2,-15.546682150580324,2.7882504755396915e-05,27882504.755396914,97
32,64.4,-15.413157866975894,2.8753069447500536e-05,28753069.447500534,97
32,64.6,-15.097648195997657,3.091969351399612e-05,30919693.51399612,97
32,64.8,-14.939168795106362,3.20688303753117e-05,32068830.375311702,97
32,65.0,-14.748036915911968,3.3511688339411096e-05,33511688.339411095,97
32,65.2,-14.709711483424933,3.380872957473059e-05,33808729.57473059,97
32,65.4,-14.48600583740177,3.5595853955781956e-05,35595853.95578196,96
32,65.6,-14.264710497045328,3.745665150021101e-05,37456651.50021101,97
32,65.8,-14.083591430020867,3.905178206546414e-05,39051782.06546414,97
32,66.0,-13.3848489298598,4.586856009843142e-05,45868560.09843142,97
32,66.2,-13.421774007574555,4.548022444263421e-05,45480224.44263421,97
32,66.4,-13.156891486400468,4.834046808013954e-05,48340468.08013954,97
32,66.6,-13.008791672930087,5.0017367773627334e-05,50017367.77362733,97
32,66.8,-12.768439292194628,5.2863519129195874e-05,52863519.12919588,97
32,67.0,-12.611950361204897,5.480307959987645e-05,54803079.59987645,97
32,67.2,-12.516369246574854,5.6022576116126776e-05,56022576.116126776,97
32,67.4,-12.355387835792058,5.813815111727761e-05,58138151.117277615,97
32,67.6,-12.176239446327173,6.058652661066432e-05,60586526.61066432,97
32,67.8,-11.885148261454233,6.478659777435536e-05,64786597.77435537,97
32,68.0,-11.484847748766711,7.104200748638624e-05,71042007.48638624,97
32,68.2,-11.600967401757352,6.916768810124895e-05,69167688.10124895,97
32,68.4,-11.45645917355779,7.150790963370917e-05,71507909.63370916,97
32,68.6,-11.171480788839105,7.635753872928105e-05,76357538.72928105,97
32,68.8,-10.892930332260036,8.141547608028491e-05,81415476.08028491,97
32,69.0,-10.786001689418612,8.344490624795822e-05,83444906.24795823,97
32,69.2,-10.814384364731787,8.290134249570504e-05,82901342.49570504,97
32,69.4,-10.576320581103325,8.757253909135201e-05,87572539.09135202,97
32,69.6,-10.155305865204298,9.648713553891034e-05,96487135.53891033,97
32,69.8,-9.933079422225397,0.0001015528363759481,101552836.3759481,97
32,70.0,-9.67444952408006,0.00010778418633946652,107784186.33946651,97
32,70.2,-9.675394678532953,0.00010776073183487385,107760731.83487386,97
32,70.4,-9.465022439446955,0.00011310915451115568,113109154.51115568,97
32,70.6,-9.27613524315526,0.00011813714623924636,118137146.23924637,97
32,70.8,-9.141469649441909,0.00012185771634983185,121857716.34983185,97
32,71.0,-8.968210532600416,0.00012681742968780534,126817429.68780534,97
32,71.2,-8.859902056090775,0.000130019890033242,130019890.033242,97
32,71.4,-8.69229830964317,0.00013513572284532568,135135722.84532568,96
32,71.6,-8.503279263764597,0.00014114713706264728,141147137.06264728,97
32,71.8,-8.285450177320037,0.00014840720374006616,148407203.74006617,97
32,72.0,-7.887227709470935,0.00016265867454693042,162658674.54693043,97
32,72.2,-7.91532879431125,0.00016160958705931363,161609587.05931363,97
32,72.4,-7.697164676240291,0.00016993527254289805,169935272.54289806,97
32,72.6,-7.565817547512097,0.00017515326819238849,175153268.19238847,97
32,72.8,-7.360281297911527,0.00018364193923389667,183641939.23389667,97
32,73.0,-6.93835161369681,0.00020237871714063655,202378717.14063656,97
32,73.2,-6.981768237817519,0.0002003656069083967,200365606.9083967,97
32,73.4,-6.752456601151032,0.0002112293875802757,211229387.58027568,97
32,73.6,-6.669815333040994,0.0002152873275401295,215287327.5401295,97
32,73.8,-6.41426466896322,0.0002283355501092898,228335550.1092898,97
32,74.0,-6.331134617351296,0.00023274831109294485,232748311.09294486,97
32,74.2,-6.261360321370262,0.00023651787469862245,236517874.69862247,97
32,74.4,-6.147254615894745,0.00024281445568782623,242814455.68782622,97
32,74.6,-6.019566003067652,0.0002500595237410666,250059523.74106658,97
32,74.8,-5.740628208002818,0.000266647293067917,266647293.067917,97
32,75.0,-5.648945046620867,0.0002723362765212212,272336276.5212212,97
32,75.2,-5.719031184316215,0.0002679766055146089,267976605.5146089,97
32,75.4,-5.47120033241174,0.00028371347736032564,283713477.36032563,97
32,75.6,-5.307411411983395,0.0002946177163012235,294617716.3012235,97
32,75.8,-5.134896742790971,0.00030655635649419553,306556356.4941955,97
32,76.0,-5.052506838020875,0.0003124275449814744,312427544.9814744,97
32,76.2,-5.008725594980675,0.0003155930571984041,315593057.1984041,97
32,76.4,-4.669864324276261,0.00034120357082213516,341203570.82213515,97
32,76.6,-4.671894308020967,0.0003410441223649788,341044122.3649788,97
32,76.8,-4.514006898369011,0.00035367088581159063,353670885.8115906,97
32,77.0,-4.285198221618543,0.0003728036689696493,372803668.9696493,97
32,77.2,-4.284780464206712,0.0003728395314991447,372839531.4991447,97
32,77.4,-4.173827930437689,0.00038248746506103145,382487465.06103146,97
32,77.6,-4.082593188261946,0.0003906075929215989,390607592.9215989,97
32,77.8,-3.978694222624469,0.00040006501776936206,400065017.76936203,97
32,78.0,-3.7972182820365603,0.0004171364797735073,417136479.7735073,97
32,78.2,-3.7849877925451736,0.00041831286447307104,418312864.47307104,97
32,78.4,-3.625118715901692,0.0004339983999859288,433998399.98592883,97
32,78.6,-3.642060195927037,0.00043230870480076344,432308704.8007634,97
32,78.8,-3.4426031533568136,0.00045262619524613564,452626195.24613565,97
32,79.0,-3.254585650208938,0.0004726519293169979,472651929.3169979,97
32,79.2,-3.2232507639452876,0.00047607450399344924,476074503.9934492,97
32,79.4,-3.196723352331489,0.0004789913435043742,478991343.5043742,97
32,79.6,-2.8812267624612034,0.000515083127214021,515083127.21402097,97
32,79.8,-2.729951903694129,0.0005333408019822637,533340801.9822637,97
32,80.0,-2.7926862587735783,0.0005256920074602126,525692007.4602126,97
32,80.2,-2.692706894450893,0.0005379343913090273,537934391.3090273,97
32,80.4,-2.469033485777338,0.0005663653185531317,566365318.5531317,97
32,80.6,-2.5371943037935125,0.0005575458269636905,557545826.9636904,97
32,80.8,-2.1247978518626525,0.0006130843283103936,613084328.3103936,97
32,81.0,-2.1267122253954014,0.0006128141398045548,612814139.8045548,97
32,81.2,-2.145607165846478,0.0006101537480740986,610153748.0740987,96
32,81.4,-2.0908276133945876,0.0006178986390476665,617898639.0476665,97
32,81.6,-1.770103900035135,0.0006652572404854796,665257240.4854796,97
32,81.8,-1.7229096348007467,0.0006725259343457614,672525934.3457614,97
32,82.0,-1.6632717707539157,0.0006818248457797439,681824845.7797439,97
32,82.2,-1.5936109439093045,0.0006928494963603399,692849496.3603399,97
32,82.4,-1.4752415748034338,0.0007119931945225093,711993194.5225093,97
32,82.6,-1.3217315777779248,0.0007376100785959116,737610078.5959115,97
32,82.8,-1.1137515677083307,0.0007737930830368396,773793083.0368396,97
32,83.0,-1.0123908008160711,0.0007920651767920303,792065176.7920303,97
32,83.2,-1.0687196433945019,0.0007818582725997198,781858272.5997198,97
32,83.4,-1.0416252057063424,0.0007867513185335195,786751318.5335195,97
32,83.6,-0.8683412166809816,0.0008187774596295855,818777459.6295855,97
32,83.8,-0.6425753911579122,0.0008624669482499551,862466948.249955,97
32,84.0,-0.44790878130108425,0.0009020053674887511,902005367.4887512,97
32,84.2,-0.5552592325710002,0.0008799825835145041,879982583.5145042,97
32,84.4,-0.2533502502310867,0.0009433328862539277,943332886.2539277,97
32,84.6,-0.107713907302454,0.0009755029998550847,975502999.8550848,97
32,84.8,-0.025449017023916554,0.0009941572827271623,994157282.7271622,97
32,85.0,0.23547301954810962,0.0010557164821898752,1055716482.1898752,97
